id,full_name,gender,age,height_cm,weight_kg,dob,religion,caste,mother_tongue,education,college,occupation,company,salary_inr,marital_status,location,father_name,father_occupation,mother_name,mother_occupation,siblings,hobbies,expectations,profile_photo
1,Urvi Digambar,Female,33,189,67,1992-08-04,Jain,Digambar,Marwari,PhD,Wagle-Chacko University,Business Analyst,Flipkart,2300000,Single,"Jaipur, Rajasthan, India",Indrajit Digambar,Retired,Zeeshan Digambar,Teacher,2 sibling(s),"['yoga', 'painting']",Looking for a well-educated partner with similar values,https://randomuser.me/api/portraits/women/48.jpg
2,Piya Digambar,Female,31,187,83,1994-04-11,Jain,Digambar,Marwari,BA,"Saran, Loyal and Brahmbhatt University",Civil Engineer,Wipro,1800000,Single,"Jaipur, Rajasthan, India",Eva Digambar,Teacher,Nayantara Digambar,Retired,2 sibling(s),"['painting', 'cooking', 'photography']",Looking for a well-educated partner with similar values,https://randomuser.me/api/portraits/women/41.jpg
3,Aayush Patel,Female,28,155,88,1997-06-14,Hindu,Patel,Gujarati,BA,"Khanna, Chanda and Dara University",Teacher,Accenture,2400000,Single,"Ahmedabad, Gujarat, India",Nehmat Patel,Businessman,Tushar Patel,Homemaker,0 sibling(s),"['reading', 'painting']",Looking for a well-educated partner with similar values,https://randomuser.me/api/portraits/women/16.jpg
4,Inaaya  Krishna,Male,24,155,69,2001-05-09,Buddhist,Navayana,Marathi,PhD,"Shanker, Kashyap and Shanker University",Teacher,Accenture,900000,Single,"Pune, Maharashtra, India",Rania Krishna,Retired,Advika Krishna,Teacher,2 sibling(s),"['reading', 'yoga', 'painting', 'sports']",Looking for a well-educated partner with similar values,https://randomuser.me/api/portraits/men/80.jpg
5,Uthkarsh Rajagopalan,Female,30,166,86,1995-06-19,Muslim,Shia,Urdu,BA,"Kala, Kapoor and Sodhi University",Business Analyst,Infosys,2000000,Single,"Lucknow, Uttar Pradesh, India",Indrajit Rajagopalan,Doctor,Seher Rajagopalan,Doctor,0 sibling(s),"['photography', 'traveling', 'painting']",Looking for a well-educated partner with similar values,https://randomuser.me/api/portraits/women/63.jpg
6,Nishith Khatri,Female,25,172,81,1999-09-08,Sikh,Khatri,Punjabi,B.Tech,"Kuruvilla, Mangat and Kanda University",Chartered Accountant,Infosys,1900000,Single,"Amritsar, Punjab, India",Hazel Khatri,Retired,Ela Khatri,Retired,0 sibling(s),"['traveling', 'sports']",Looking for a well-educated partner with similar values,https://randomuser.me/api/portraits/women/30.jpg
7,Jayan Shwetambar,Female,23,175,71,2002-04-24,Jain,Shwetambar,Gujarati,MCA,Chadha PLC University,Entrepreneur,Amazon,2400000,Single,"Ahmedabad, Gujarat, India",Samarth Shwetambar,Engineer,Jiya Shwetambar,Homemaker,1 sibling(s),"['photography', 'painting']",Looking for a well-educated partner with similar values,https://randomuser.me/api/portraits/women/88.jpg
8,Onkar Syrian Catholic,Female,25,171,73,1999-12-18,Christian,Syrian Catholic,Malayalam,MBA,Lala LLC University,Doctor,Reliance,1300000,Single,"Kochi, Kerala, India",Aarna Syrian Catholic,Doctor,Lakshit Syrian Catholic,Doctor,0 sibling(s),"['cooking', 'photography', 'reading']",Looking for a well-educated partner with similar values,https://randomuser.me/api/portraits/women/12.jpg
9,Anay Comar,Male,33,189,58,1991-10-18,Muslim,Shia,Urdu,MBBS,Ghose-Bains University,Chartered Accountant,Capgemini,1900000,Single,"Lucknow, Uttar Pradesh, India",Misha Comar,Doctor,Vritika Comar,Doctor,0 sibling(s),"['photography', 'cooking', 'traveling']",Looking for a well-educated partner with similar values,https://randomuser.me/api/portraits/men/18.jpg
10,Ojas Jat Sikh,Male,33,151,82,1992-04-05,Sikh,Jat Sikh,Punjabi,MBBS,Ray-Chaudhari University,Entrepreneur,Wipro,2400000,Single,"Amritsar, Punjab, India",Miraya Jat Sikh,Teacher,Dhruv Jat Sikh,Doctor,0 sibling(s),"['reading', 'photography']",Looking for a well-educated partner with similar values,https://randomuser.me/api/portraits/men/82.jpg
11,Akarsh Venkatesh,Female,25,182,75,2000-03-08,Muslim,Sunni,Urdu,MCA,Chand-Seshadri University,Software Engineer,TCS,1400000,Single,"Lucknow, Uttar Pradesh, India",Sara Venkatesh,Engineer,Rhea Venkatesh,Retired,1 sibling(s),"['traveling', 'reading', 'yoga', 'painting']",Looking for a well-educated partner with similar values,https://randomuser.me/api/portraits/women/60.jpg
12,Kismat Protestant,Female,27,163,53,1998-06-06,Christian,Protestant,English,MBBS,Reddy Group University,Teacher,TCS,2100000,Single,"Mumbai, Maharashtra, India",Saksham Protestant,Doctor,Hansh Protestant,Homemaker,2 sibling(s),"['reading', 'music', 'sports']",Looking for a well-educated partner with similar values,https://randomuser.me/api/portraits/women/29.jpg
13,Dhruv Bala,Female,29,154,58,1996-04-09,Muslim,Sunni,Urdu,BA,Swaminathan-Rout University,Teacher,Reliance,2700000,Single,"Lucknow, Uttar Pradesh, India",Parinaaz Bala,Doctor,Purab Bala,Doctor,1 sibling(s),"['painting', 'yoga']",Looking for a well-educated partner with similar values,https://randomuser.me/api/portraits/women/18.jpg
14,Elakshi Shwetambar,Female,31,188,58,1993-12-20,Jain,Shwetambar,Gujarati,MCA,"Sur, Varughese and Das University",Entrepreneur,TCS,400000,Single,"Ahmedabad, Gujarat, India",Raunak Shwetambar,Engineer,Tushar Shwetambar,Homemaker,0 sibling(s),"['photography', 'painting', 'sports', 'music']",Looking for a well-educated partner with similar values,https://randomuser.me/api/portraits/women/91.jpg
15,Lakshay Sharma,Female,25,181,83,2000-05-13,Hindu,Sharma,Hindi,MBBS,"Acharya, Samra and Hegde University",Software Engineer,Google,2500000,Single,"Delhi, India",Azad Sharma,Retired,Charvi Sharma,Doctor,2 sibling(s),"['reading', 'painting', 'music', 'traveling']",Looking for a well-educated partner with similar values,https://randomuser.me/api/portraits/women/15.jpg
16,Damini Patel,Male,31,158,76,1993-11-20,Hindu,Patel,Gujarati,MBA,Gala-Krishna University,Chartered Accountant,Google,1400000,Single,"Ahmedabad, Gujarat, India",Aarush Patel,Teacher,Reyansh Patel,Doctor,2 sibling(s),"['photography', 'reading', 'sports']",Looking for a well-educated partner with similar values,https://randomuser.me/api/portraits/men/80.jpg
17,Pari Syrian Catholic,Female,26,180,54,1999-07-20,Christian,Syrian Catholic,Malayalam,MBA,Tank Inc University,Chartered Accountant,Reliance,500000,Single,"Kochi, Kerala, India",Zara Syrian Catholic,Businessman,Gatik Syrian Catholic,Retired,1 sibling(s),"['painting', 'traveling', 'cooking', 'music']",Looking for a well-educated partner with similar values,https://randomuser.me/api/portraits/women/59.jpg
18,Vaibhav Jat Sikh,Female,29,166,68,1996-01-06,Sikh,Jat Sikh,Punjabi,BA,Chaudry-Bahri University,Software Engineer,Microsoft,2900000,Single,"Amritsar, Punjab, India",Divyansh Jat Sikh,Engineer,Raunak Jat Sikh,Teacher,1 sibling(s),"['traveling', 'photography']",Looking for a well-educated partner with similar values,https://randomuser.me/api/portraits/women/30.jpg
19,Rania Jat Sikh,Male,32,169,65,1992-09-09,Sikh,Jat Sikh,Punjabi,B.Tech,Mani Inc University,Teacher,Flipkart,2600000,Single,"Amritsar, Punjab, India",Hazel Jat Sikh,Doctor,Seher Jat Sikh,Doctor,1 sibling(s),"['yoga', 'reading']",Looking for a well-educated partner with similar values,https://randomuser.me/api/portraits/men/88.jpg
20,Zain Suresh,Female,34,174,87,1991-02-01,Buddhist,Navayana,Marathi,B.Com,Magar and Sons University,Software Engineer,Wipro,800000,Single,"Pune, Maharashtra, India",Emir Suresh,Doctor,Yashvi Suresh,Teacher,0 sibling(s),"['traveling', 'yoga', 'music', 'photography']",Looking for a well-educated partner with similar values,https://randomuser.me/api/portraits/women/37.jpg
21,Ryan Khatri,Female,31,155,87,1993-11-27,Sikh,Khatri,Punjabi,PhD,"Sura, Bandi and Ganesh University",Chartered Accountant,Microsoft,1100000,Single,"Amritsar, Punjab, India",Samiha Khatri,Teacher,Yuvraj  Khatri,Homemaker,1 sibling(s),"['music', 'painting', 'cooking', 'photography']",Looking for a well-educated partner with similar values,https://randomuser.me/api/portraits/women/45.jpg
22,Arhaan Sharma,Female,35,177,64,1990-05-10,Hindu,Sharma,Hindi,B.Tech,Keer Ltd University,Chartered Accountant,TCS,1100000,Single,"Delhi, India",Aarna Sharma,Teacher,Himmat Sharma,Doctor,1 sibling(s),"['music', 'cooking', 'painting', 'reading']",Looking for a well-educated partner with similar values,https://randomuser.me/api/portraits/women/16.jpg
23,Himmat Dutt,Female,31,173,56,1994-06-21,Muslim,Sunni,Urdu,B.Tech,"Bhakta, Dora and Varty University",Civil Engineer,Microsoft,700000,Single,"Lucknow, Uttar Pradesh, India",Rohan Dutt,Doctor,Heer Dutt,Homemaker,1 sibling(s),"['painting', 'yoga', 'sports', 'reading']",Looking for a well-educated partner with similar values,https://randomuser.me/api/portraits/women/19.jpg
24,Bhamini Digambar,Male,35,188,77,1990-06-26,Jain,Digambar,Marwari,BA,"Chauhan, Talwar and Dugar University",Business Analyst,Capgemini,2100000,Single,"Jaipur, Rajasthan, India",Aaina Digambar,Doctor,Kiara Digambar,Homemaker,1 sibling(s),"['reading', 'photography']",Looking for a well-educated partner with similar values,https://randomuser.me/api/portraits/men/53.jpg
25,Trisha Dhingra,Female,32,164,60,1993-02-15,Buddhist,Navayana,Marathi,MBBS,"Agarwal, Mahajan and Bassi University",Civil Engineer,Flipkart,1100000,Single,"Pune, Maharashtra, India",Riaan Dhingra,Doctor,Raghav Dhingra,Teacher,1 sibling(s),"['sports', 'music']",Looking for a well-educated partner with similar values,https://randomuser.me/api/portraits/women/52.jpg
26,Tejas Chaudhari,Female,29,190,76,1996-08-21,Muslim,Sunni,Urdu,B.Com,Vora Ltd University,Teacher,Infosys,600000,Single,"Lucknow, Uttar Pradesh, India",Ahana  Chaudhari,Doctor,Arnav Chaudhari,Doctor,2 sibling(s),"['yoga', 'music', 'reading', 'cooking']",Looking for a well-educated partner with similar values,https://randomuser.me/api/portraits/women/13.jpg
27,Aaryahi Shan,Male,32,187,85,1993-08-29,Buddhist,Navayana,Marathi,MBBS,Grover Group University,Software Engineer,Reliance,2100000,Single,"Pune, Maharashtra, India",Indrans Shan,Teacher,Madhup Shan,Teacher,0 sibling(s),"['music', 'yoga']",Looking for a well-educated partner with similar values,https://randomuser.me/api/portraits/men/75.jpg
28,Mannat Taneja,Male,28,188,78,1996-11-30,Muslim,Shia,Urdu,BA,"Chakrabarti, Doctor and Walia University",Chartered Accountant,Reliance,1100000,Single,"Lucknow, Uttar Pradesh, India",Hiran Taneja,Retired,Navya Taneja,Retired,1 sibling(s),"['reading', 'sports']",Looking for a well-educated partner with similar values,https://randomuser.me/api/portraits/men/9.jpg
29,Hridaan Sharma,Female,34,182,65,1991-03-14,Hindu,Sharma,Hindi,PhD,Krishnan LLC University,Business Analyst,Google,2800000,Single,"Delhi, India",Armaan Sharma,Engineer,Ela Sharma,Homemaker,2 sibling(s),"['music', 'photography']",Looking for a well-educated partner with similar values,https://randomuser.me/api/portraits/women/83.jpg
30,Kabir Rau,Male,34,154,51,1991-05-01,Buddhist,Navayana,Marathi,LLB,Batta-Raj University,Teacher,Capgemini,2900000,Single,"Pune, Maharashtra, India",Zeeshan Rau,Businessman,Anay Rau,Doctor,0 sibling(s),"['cooking', 'photography']",Looking for a well-educated partner with similar values,https://randomuser.me/api/portraits/men/85.jpg
31,Tushar Patel,Male,32,161,64,1993-03-02,Hindu,Patel,Gujarati,B.Tech,"Chanda, Sem and Ganesh University",Teacher,Reliance,1500000,Single,"Ahmedabad, Gujarat, India",Bhamini Patel,Engineer,Shanaya Patel,Retired,1 sibling(s),"['reading', 'yoga', 'painting']",Looking for a well-educated partner with similar values,https://randomuser.me/api/portraits/men/56.jpg
32,Shalv Vig,Female,35,177,75,1989-12-23,Buddhist,Navayana,Marathi,MBA,"Mahal, Sengupta and Varty University",Doctor,Infosys,2400000,Single,"Pune, Maharashtra, India",Saira Vig,Retired,Zain Vig,Homemaker,2 sibling(s),"['reading', 'sports', 'traveling', 'music']",Looking for a well-educated partner with similar values,https://randomuser.me/api/portraits/women/81.jpg
33,Kimaya Sethi,Male,21,176,65,2004-08-19,Muslim,Sunni,Urdu,B.Tech,Contractor-Saha University,Business Analyst,Reliance,2000000,Single,"Lucknow, Uttar Pradesh, India",Aarush Sethi,Retired,Aarna Sethi,Doctor,1 sibling(s),"['music', 'photography']",Looking for a well-educated partner with similar values,https://randomuser.me/api/portraits/men/53.jpg
34,Anya Madan,Male,27,169,75,1998-04-21,Muslim,Sunni,Urdu,BA,"Sandhu, Randhawa and Seshadri University",Chartered Accountant,Google,2700000,Single,"Lucknow, Uttar Pradesh, India",Indrans Madan,Engineer,Kashvi Madan,Retired,2 sibling(s),"['photography', 'cooking']",Looking for a well-educated partner with similar values,https://randomuser.me/api/portraits/men/17.jpg
35,Prisha Khare,Female,27,150,79,1997-09-19,Muslim,Shia,Urdu,PhD,Kohli Ltd University,Civil Engineer,Reliance,1800000,Single,"Lucknow, Uttar Pradesh, India",Misha Khare,Engineer,Saanvi Khare,Homemaker,0 sibling(s),"['music', 'cooking', 'yoga', 'photography']",Looking for a well-educated partner with similar values,https://randomuser.me/api/portraits/women/90.jpg
36,Tejas Reddy,Female,30,182,52,1995-07-20,Hindu,Reddy,Telugu,LLB,"Edwin, Bhagat and Dua University",Business Analyst,Capgemini,1200000,Single,"Hyderabad, Telangana, India",Trisha Reddy,Engineer,Kiaan Reddy,Retired,0 sibling(s),"['cooking', 'sports', 'traveling']",Looking for a well-educated partner with similar values,https://randomuser.me/api/portraits/women/38.jpg
37,Mohanlal Barad,Female,34,180,85,1991-01-22,Buddhist,Navayana,Marathi,PhD,Ghose PLC University,Entrepreneur,Microsoft,2700000,Single,"Pune, Maharashtra, India",Samaira Barad,Businessman,Ishita Barad,Doctor,2 sibling(s),"['cooking', 'painting', 'music', 'sports']",Looking for a well-educated partner with similar values,https://randomuser.me/api/portraits/women/74.jpg
38,Farhan Khatri,Female,22,179,68,2003-03-07,Sikh,Khatri,Punjabi,B.Tech,Gade and Sons University,Civil Engineer,Reliance,1400000,Single,"Amritsar, Punjab, India",Nakul Khatri,Retired,Arnav Khatri,Homemaker,2 sibling(s),"['yoga', 'painting', 'traveling', 'photography']",Looking for a well-educated partner with similar values,https://randomuser.me/api/portraits/women/94.jpg
39,Taran Guha,Male,32,163,61,1993-03-05,Buddhist,Navayana,Marathi,B.Com,Gaba PLC University,Chartered Accountant,TCS,800000,Single,"Pune, Maharashtra, India",Pranay Guha,Retired,Raghav Guha,Retired,0 sibling(s),"['reading', 'photography', 'painting']",Looking for a well-educated partner with similar values,https://randomuser.me/api/portraits/men/12.jpg
40,Indrajit Dhingra,Female,30,173,71,1995-04-03,Buddhist,Navayana,Marathi,LLB,"Vaidya, Singhal and Ahuja University",Chartered Accountant,Google,2900000,Single,"Pune, Maharashtra, India",Kimaya Dhingra,Engineer,Alia Dhingra,Doctor,1 sibling(s),"['cooking', 'photography']",Looking for a well-educated partner with similar values,https://randomuser.me/api/portraits/women/76.jpg
41,Drishya Khatri,Female,33,172,90,1992-01-01,Sikh,Khatri,Punjabi,B.Tech,Kata PLC University,Teacher,Reliance,2300000,Single,"Amritsar, Punjab, India",Rania Khatri,Teacher,Divyansh Khatri,Retired,2 sibling(s),"['photography', 'music', 'painting', 'traveling']",Looking for a well-educated partner with similar values,https://randomuser.me/api/portraits/women/12.jpg
42,Chirag Brahmin,Female,27,158,87,1998-01-07,Hindu,Brahmin,Kannada,MBA,"Bala, Wason and Ben University",Chartered Accountant,Wipro,900000,Single,"Bangalore, Karnataka, India",Zoya Brahmin,Doctor,Jayan Brahmin,Homemaker,2 sibling(s),"['reading', 'cooking', 'photography']",Looking for a well-educated partner with similar values,https://randomuser.me/api/portraits/women/47.jpg
43,Priyansh Shwetambar,Female,28,160,54,1996-12-28,Jain,Shwetambar,Gujarati,B.Tech,"Khurana, Sethi and Ben University",Civil Engineer,Reliance,500000,Single,"Ahmedabad, Gujarat, India",Prerak Shwetambar,Doctor,Divit Shwetambar,Doctor,1 sibling(s),"['yoga', 'painting', 'photography']",Looking for a well-educated partner with similar values,https://randomuser.me/api/portraits/women/76.jpg
44,Amani Digambar,Female,22,169,52,2003-01-06,Jain,Digambar,Marwari,BA,"Chahal, Krishna and Choudhry University",Doctor,TCS,2900000,Single,"Jaipur, Rajasthan, India",Raghav Digambar,Businessman,Faiyaz Digambar,Teacher,0 sibling(s),"['sports', 'yoga', 'reading']",Looking for a well-educated partner with similar values,https://randomuser.me/api/portraits/women/26.jpg
45,Ishita Shwetambar,Female,32,180,76,1993-02-22,Jain,Shwetambar,Gujarati,BA,"Kala, Mallick and Borra University",Business Analyst,Amazon,2700000,Single,"Ahmedabad, Gujarat, India",Samarth Shwetambar,Engineer,Jivin Shwetambar,Doctor,2 sibling(s),"['painting', 'sports', 'music']",Looking for a well-educated partner with similar values,https://randomuser.me/api/portraits/women/97.jpg
46,Kashvi Shwetambar,Female,25,184,52,2000-06-16,Jain,Shwetambar,Gujarati,MBA,Balasubramanian PLC University,Chartered Accountant,Accenture,1600000,Single,"Ahmedabad, Gujarat, India",Hazel Shwetambar,Teacher,Zara Shwetambar,Retired,2 sibling(s),"['yoga', 'cooking', 'music']",Looking for a well-educated partner with similar values,https://randomuser.me/api/portraits/women/6.jpg
47,Bhamini Shan,Female,29,163,81,1996-03-26,Muslim,Shia,Urdu,BA,"Suresh, Kar and Andra University",Doctor,Accenture,700000,Single,"Lucknow, Uttar Pradesh, India",Akarsh Shan,Retired,Jayan Shan,Retired,0 sibling(s),"['photography', 'yoga', 'music', 'painting']",Looking for a well-educated partner with similar values,https://randomuser.me/api/portraits/women/6.jpg
48,Aarna Digambar,Female,33,172,73,1991-10-11,Jain,Digambar,Marwari,LLB,Sharaf LLC University,Software Engineer,Accenture,800000,Single,"Jaipur, Rajasthan, India",Riya Digambar,Doctor,Saksham Digambar,Retired,0 sibling(s),"['photography', 'cooking', 'traveling', 'reading']",Looking for a well-educated partner with similar values,https://randomuser.me/api/portraits/women/31.jpg
49,Amani Chhabra,Male,34,188,86,1991-08-22,Muslim,Shia,Urdu,MBA,Gupta-Randhawa University,Chartered Accountant,Amazon,1700000,Single,"Lucknow, Uttar Pradesh, India",Samarth Chhabra,Engineer,Nitara Chhabra,Homemaker,2 sibling(s),"['music', 'painting', 'yoga']",Looking for a well-educated partner with similar values,https://randomuser.me/api/portraits/men/41.jpg
50,Mamooty Syrian Catholic,Female,34,189,79,1991-02-07,Christian,Syrian Catholic,Malayalam,MBBS,"Sane, Mani and Vora University",Chartered Accountant,Accenture,1600000,Single,"Kochi, Kerala, India",Ojas Syrian Catholic,Doctor,Charvi Syrian Catholic,Doctor,2 sibling(s),"['reading', 'cooking', 'yoga']",Looking for a well-educated partner with similar values,https://randomuser.me/api/portraits/women/76.jpg
51,Shanaya Digambar,Male,30,180,89,1995-07-08,Jain,Digambar,Marwari,B.Tech,Swamy Group University,Chartered Accountant,Amazon,600000,Single,"Jaipur, Rajasthan, India",Raunak Digambar,Teacher,Anahita Digambar,Doctor,2 sibling(s),"['sports', 'traveling', 'music', 'reading']",Looking for a well-educated partner with similar values,https://randomuser.me/api/portraits/men/46.jpg
52,Riaan Brahmin,Male,26,181,68,1999-01-22,Hindu,Brahmin,Kannada,B.Com,Dayal-Bhardwaj University,Doctor,Amazon,2700000,Single,"Bangalore, Karnataka, India",Dhanuk Brahmin,Retired,Akarsh Brahmin,Homemaker,0 sibling(s),"['sports', 'photography', 'traveling', 'cooking']",Looking for a well-educated partner with similar values,https://randomuser.me/api/portraits/men/33.jpg
53,Ishita Trivedi,Female,27,178,67,1997-11-08,Muslim,Shia,Urdu,LLB,Khosla-Gola University,Civil Engineer,Microsoft,2300000,Single,"Lucknow, Uttar Pradesh, India",Sumer Trivedi,Engineer,Vardaniya Trivedi,Retired,1 sibling(s),"['sports', 'traveling', 'cooking', 'reading']",Looking for a well-educated partner with similar values,https://randomuser.me/api/portraits/women/77.jpg
54,Himmat Chandra,Female,22,158,84,2003-03-05,Buddhist,Navayana,Marathi,B.Tech,Chacko PLC University,Entrepreneur,Capgemini,900000,Single,"Pune, Maharashtra, India",Priyansh Chandra,Doctor,Yashvi Chandra,Homemaker,2 sibling(s),"['cooking', 'traveling', 'sports']",Looking for a well-educated partner with similar values,https://randomuser.me/api/portraits/women/67.jpg
55,Akarsh Brahmin,Female,31,189,90,1993-12-21,Hindu,Brahmin,Kannada,MBBS,"Chander, Lal and Ganguly University",Software Engineer,Google,2500000,Single,"Bangalore, Karnataka, India",Rohan Brahmin,Retired,Madhav Brahmin,Homemaker,1 sibling(s),"['photography', 'yoga', 'cooking', 'sports']",Looking for a well-educated partner with similar values,https://randomuser.me/api/portraits/women/3.jpg
56,Purab Khatri,Female,33,159,83,1991-12-16,Sikh,Khatri,Punjabi,LLB,"Kulkarni, Chhabra and Thaman University",Teacher,Google,1900000,Single,"Amritsar, Punjab, India",Riaan Khatri,Engineer,Aniruddh Khatri,Homemaker,0 sibling(s),"['cooking', 'photography']",Looking for a well-educated partner with similar values,https://randomuser.me/api/portraits/women/27.jpg
57,Kavya Dugar,Male,28,165,57,1997-05-29,Muslim,Shia,Urdu,MCA,Seshadri-Sehgal University,Software Engineer,Flipkart,2100000,Single,"Lucknow, Uttar Pradesh, India",Anika Dugar,Businessman,Aarav Dugar,Doctor,1 sibling(s),"['photography', 'traveling']",Looking for a well-educated partner with similar values,https://randomuser.me/api/portraits/men/96.jpg
58,Vidur Syrian Catholic,Female,34,181,59,1991-05-26,Christian,Syrian Catholic,Malayalam,B.Com,Dua-Lal University,Software Engineer,Amazon,2700000,Single,"Kochi, Kerala, India",Aniruddh Syrian Catholic,Businessman,Devansh Syrian Catholic,Homemaker,1 sibling(s),"['reading', 'painting', 'music', 'yoga']",Looking for a well-educated partner with similar values,https://randomuser.me/api/portraits/women/23.jpg
59,Manikya Jat Sikh,Male,29,182,84,1996-06-15,Sikh,Jat Sikh,Punjabi,LLB,Batta Ltd University,Entrepreneur,Infosys,900000,Single,"Amritsar, Punjab, India",Bhamini Jat Sikh,Engineer,Mohanlal Jat Sikh,Doctor,0 sibling(s),"['sports', 'cooking', 'traveling']",Looking for a well-educated partner with similar values,https://randomuser.me/api/portraits/men/52.jpg
60,Saira Shwetambar,Male,34,178,72,1990-11-17,Jain,Shwetambar,Gujarati,B.Tech,Dua-Bandi University,Civil Engineer,TCS,1300000,Single,"Ahmedabad, Gujarat, India",Uthkarsh Shwetambar,Doctor,Anya Shwetambar,Homemaker,0 sibling(s),"['yoga', 'traveling']",Looking for a well-educated partner with similar values,https://randomuser.me/api/portraits/men/1.jpg
61,Mamooty Biswas,Female,32,185,56,1992-12-30,Muslim,Shia,Urdu,MCA,Tata-Khanna University,Business Analyst,Capgemini,800000,Single,"Lucknow, Uttar Pradesh, India",Vardaniya Biswas,Engineer,Raghav Biswas,Retired,0 sibling(s),"['painting', 'traveling', 'reading']",Looking for a well-educated partner with similar values,https://randomuser.me/api/portraits/women/59.jpg
62,Elakshi Jat Sikh,Male,22,181,53,2002-12-15,Sikh,Jat Sikh,Punjabi,B.Com,"Divan, Sachdev and Basak University",Entrepreneur,Capgemini,3000000,Single,"Amritsar, Punjab, India",Zara Jat Sikh,Doctor,Zara Jat Sikh,Retired,2 sibling(s),"['music', 'yoga', 'cooking', 'traveling']",Looking for a well-educated partner with similar values,https://randomuser.me/api/portraits/men/83.jpg
63,Kismat Bhagat,Male,32,156,64,1993-05-09,Buddhist,Navayana,Marathi,BA,"Garg, Badal and Bava University",Civil Engineer,Capgemini,2100000,Single,"Pune, Maharashtra, India",Vidur Bhagat,Engineer,Uthkarsh Bhagat,Teacher,2 sibling(s),"['traveling', 'music', 'sports']",Looking for a well-educated partner with similar values,https://randomuser.me/api/portraits/men/92.jpg
64,Hridaan Protestant,Female,31,160,77,1994-02-26,Christian,Protestant,English,B.Com,"Date, Lala and Choudhury University",Chartered Accountant,Amazon,2900000,Single,"Mumbai, Maharashtra, India",Eshani Protestant,Businessman,Dishani Protestant,Retired,1 sibling(s),"['photography', 'sports', 'yoga', 'music']",Looking for a well-educated partner with similar values,https://randomuser.me/api/portraits/women/99.jpg
65,Oorja Srinivas,Male,34,187,59,1991-04-20,Buddhist,Navayana,Marathi,LLB,Sachdeva Ltd University,Chartered Accountant,Reliance,2800000,Single,"Pune, Maharashtra, India",Ira Srinivas,Teacher,Hunar Srinivas,Homemaker,0 sibling(s),"['yoga', 'photography', 'painting', 'music']",Looking for a well-educated partner with similar values,https://randomuser.me/api/portraits/men/46.jpg
66,Vedika Brahmin,Male,29,166,84,1995-10-31,Hindu,Brahmin,Kannada,BA,Gopal Ltd University,Business Analyst,Capgemini,400000,Single,"Bangalore, Karnataka, India",Samaira Brahmin,Retired,Vihaan Brahmin,Doctor,1 sibling(s),"['traveling', 'painting', 'yoga', 'music']",Looking for a well-educated partner with similar values,https://randomuser.me/api/portraits/men/19.jpg
67,Manikya Digambar,Male,27,155,51,1998-03-25,Jain,Digambar,Marwari,MBBS,Trivedi Ltd University,Doctor,Flipkart,700000,Single,"Jaipur, Rajasthan, India",Nishith Digambar,Businessman,Badal Digambar,Retired,0 sibling(s),"['reading', 'yoga', 'sports', 'cooking']",Looking for a well-educated partner with similar values,https://randomuser.me/api/portraits/men/92.jpg
68,Aradhya Khatri,Female,34,177,85,1990-10-17,Sikh,Khatri,Punjabi,BA,Bandi and Sons University,Business Analyst,Microsoft,400000,Single,"Amritsar, Punjab, India",Nehmat Khatri,Teacher,Mehul Khatri,Teacher,2 sibling(s),"['yoga', 'cooking', 'painting', 'sports']",Looking for a well-educated partner with similar values,https://randomuser.me/api/portraits/women/32.jpg
69,Vihaan Jat Sikh,Female,33,152,90,1992-03-17,Sikh,Jat Sikh,Punjabi,B.Com,Iyer-Krishnamurthy University,Software Engineer,Infosys,2100000,Single,"Amritsar, Punjab, India",Jivin Jat Sikh,Teacher,Vivaan Jat Sikh,Retired,1 sibling(s),"['cooking', 'traveling']",Looking for a well-educated partner with similar values,https://randomuser.me/api/portraits/women/14.jpg
70,Shlok Khatri,Male,27,185,87,1998-04-07,Sikh,Khatri,Punjabi,MCA,"Thaman, Shankar and Krish University",Doctor,Infosys,1400000,Single,"Amritsar, Punjab, India",Vardaniya Khatri,Teacher,Aarav Khatri,Doctor,1 sibling(s),"['traveling', 'reading']",Looking for a well-educated partner with similar values,https://randomuser.me/api/portraits/men/48.jpg
71,Vaibhav Syrian Catholic,Male,28,190,85,1997-06-02,Christian,Syrian Catholic,Malayalam,MBA,Sankaran and Sons University,Software Engineer,Microsoft,700000,Single,"Kochi, Kerala, India",Anya Syrian Catholic,Businessman,Anay Syrian Catholic,Doctor,2 sibling(s),"['traveling', 'sports', 'music', 'photography']",Looking for a well-educated partner with similar values,https://randomuser.me/api/portraits/men/76.jpg
72,Vidur Digambar,Male,21,158,78,2004-05-18,Jain,Digambar,Marwari,PhD,"Ratta, Chana and Sama University",Software Engineer,Microsoft,1000000,Single,"Jaipur, Rajasthan, India",Baiju Digambar,Doctor,Badal Digambar,Teacher,0 sibling(s),"['cooking', 'sports']",Looking for a well-educated partner with similar values,https://randomuser.me/api/portraits/men/10.jpg
73,Kavya Iyer,Male,33,177,62,1992-08-26,Hindu,Iyer,Tamil,BA,"Shroff, Deshmukh and Savant University",Teacher,Google,2600000,Single,"Chennai, Tamil Nadu, India",Aniruddh Iyer,Teacher,Kavya Iyer,Homemaker,2 sibling(s),"['photography', 'sports']",Looking for a well-educated partner with similar values,https://randomuser.me/api/portraits/men/82.jpg
74,Inaaya  Bora,Male,27,165,63,1997-09-20,Muslim,Sunni,Urdu,MCA,Hayer-Sawhney University,Entrepreneur,Wipro,2900000,Single,"Lucknow, Uttar Pradesh, India",Oorja Bora,Doctor,Diya Bora,Teacher,1 sibling(s),"['sports', 'painting']",Looking for a well-educated partner with similar values,https://randomuser.me/api/portraits/men/63.jpg
75,Shanaya Balan,Female,25,182,68,1999-11-26,Buddhist,Navayana,Marathi,B.Com,Bhatia-Bava University,Software Engineer,Capgemini,600000,Single,"Pune, Maharashtra, India",Misha Balan,Engineer,Tarini Balan,Doctor,1 sibling(s),"['photography', 'sports', 'painting']",Looking for a well-educated partner with similar values,https://randomuser.me/api/portraits/women/45.jpg
76,Taimur Khatri,Male,24,152,53,2001-06-09,Sikh,Khatri,Punjabi,LLB,Dube PLC University,Chartered Accountant,Accenture,2100000,Single,"Amritsar, Punjab, India",Shaan Khatri,Teacher,Pranay Khatri,Doctor,0 sibling(s),"['cooking', 'photography']",Looking for a well-educated partner with similar values,https://randomuser.me/api/portraits/men/98.jpg
77,Aradhya Raman,Female,22,189,69,2003-02-25,Muslim,Shia,Urdu,BA,Kunda-Kuruvilla University,Entrepreneur,Google,2700000,Single,"Lucknow, Uttar Pradesh, India",Khushi Raman,Engineer,Nayantara Raman,Homemaker,0 sibling(s),"['sports', 'music', 'yoga', 'cooking']",Looking for a well-educated partner with similar values,https://randomuser.me/api/portraits/women/32.jpg
78,Saira Raj,Female,33,189,57,1991-10-29,Buddhist,Navayana,Marathi,B.Com,Tata Group University,Chartered Accountant,Infosys,500000,Single,"Pune, Maharashtra, India",Baiju Raj,Businessman,Shamik Raj,Teacher,0 sibling(s),"['reading', 'music', 'cooking', 'painting']",Looking for a well-educated partner with similar values,https://randomuser.me/api/portraits/women/51.jpg
79,Ojas Jat Sikh,Female,30,186,56,1995-02-10,Sikh,Jat Sikh,Punjabi,B.Tech,"Kapadia, Kunda and Kari University",Chartered Accountant,Accenture,2000000,Single,"Amritsar, Punjab, India",Tushar Jat Sikh,Businessman,Abram Jat Sikh,Doctor,2 sibling(s),"['cooking', 'painting', 'music']",Looking for a well-educated partner with similar values,https://randomuser.me/api/portraits/women/99.jpg
80,Ishaan Goda,Male,33,177,89,1992-04-08,Muslim,Shia,Urdu,MBA,"Batta, Bora and Vyas University",Chartered Accountant,Accenture,2500000,Single,"Lucknow, Uttar Pradesh, India",Kartik Goda,Doctor,Dishani Goda,Teacher,0 sibling(s),"['painting', 'yoga', 'cooking']",Looking for a well-educated partner with similar values,https://randomuser.me/api/portraits/men/30.jpg
81,Stuvan Shwetambar,Male,30,153,62,1995-08-10,Jain,Shwetambar,Gujarati,MBA,"Bora, Ahuja and Tank University",Business Analyst,Wipro,900000,Single,"Ahmedabad, Gujarat, India",Heer Shwetambar,Retired,Raghav Shwetambar,Doctor,1 sibling(s),"['music', 'sports', 'cooking']",Looking for a well-educated partner with similar values,https://randomuser.me/api/portraits/men/77.jpg
82,Miraya Chokshi,Female,34,171,61,1991-07-23,Muslim,Sunni,Urdu,MBA,Doctor-Gola University,Business Analyst,Google,700000,Single,"Lucknow, Uttar Pradesh, India",Aniruddh Chokshi,Businessman,Priyansh Chokshi,Doctor,1 sibling(s),"['sports', 'yoga', 'music', 'cooking']",Looking for a well-educated partner with similar values,https://randomuser.me/api/portraits/women/4.jpg
83,Tarini Syrian Catholic,Female,27,176,51,1998-06-01,Christian,Syrian Catholic,Malayalam,PhD,Maharaj Group University,Doctor,Infosys,2500000,Single,"Kochi, Kerala, India",Anaya Syrian Catholic,Teacher,Seher Syrian Catholic,Homemaker,2 sibling(s),"['traveling', 'painting', 'music']",Looking for a well-educated partner with similar values,https://randomuser.me/api/portraits/women/73.jpg
84,Parinaaz Raja,Female,23,190,50,2002-03-17,Muslim,Shia,Urdu,B.Com,Karpe-Chada University,Doctor,Capgemini,1900000,Single,"Lucknow, Uttar Pradesh, India",Pranay Raja,Retired,Vidur Raja,Retired,0 sibling(s),"['traveling', 'yoga', 'music']",Looking for a well-educated partner with similar values,https://randomuser.me/api/portraits/women/5.jpg
85,Ehsaan Patel,Male,35,180,77,1989-11-03,Hindu,Patel,Gujarati,B.Com,Kapadia PLC University,Civil Engineer,Wipro,2800000,Single,"Ahmedabad, Gujarat, India",Rasha Patel,Doctor,Neysa Patel,Doctor,1 sibling(s),"['traveling', 'sports', 'music', 'cooking']",Looking for a well-educated partner with similar values,https://randomuser.me/api/portraits/men/80.jpg
86,Dhanuk Shwetambar,Female,34,173,67,1991-01-07,Jain,Shwetambar,Gujarati,B.Com,Bains Group University,Doctor,Flipkart,1400000,Single,"Ahmedabad, Gujarat, India",Pranay Shwetambar,Businessman,Veer Shwetambar,Teacher,0 sibling(s),"['painting', 'photography', 'cooking']",Looking for a well-educated partner with similar values,https://randomuser.me/api/portraits/women/89.jpg
87,Pranay Digambar,Female,25,187,83,2000-01-03,Jain,Digambar,Marwari,B.Tech,"De, Wali and Varghese University",Entrepreneur,Accenture,1300000,Single,"Jaipur, Rajasthan, India",Lavanya Digambar,Teacher,Rania Digambar,Retired,2 sibling(s),"['sports', 'traveling', 'photography', 'music']",Looking for a well-educated partner with similar values,https://randomuser.me/api/portraits/women/86.jpg
88,Jayesh Jat Sikh,Male,21,175,54,2004-05-27,Sikh,Jat Sikh,Punjabi,PhD,Sheth-Sood University,Civil Engineer,Google,1200000,Single,"Amritsar, Punjab, India",Sara Jat Sikh,Teacher,Vritika Jat Sikh,Homemaker,1 sibling(s),"['traveling', 'photography', 'yoga']",Looking for a well-educated partner with similar values,https://randomuser.me/api/portraits/men/53.jpg
89,Dhruv Maharaj,Male,28,166,62,1997-01-26,Muslim,Sunni,Urdu,MCA,Dhillon LLC University,Entrepreneur,Wipro,500000,Single,"Lucknow, Uttar Pradesh, India",Jivika Maharaj,Engineer,Nitara Maharaj,Retired,0 sibling(s),"['music', 'photography', 'traveling', 'yoga']",Looking for a well-educated partner with similar values,https://randomuser.me/api/portraits/men/85.jpg
90,Biju Sant,Male,26,161,63,1998-11-16,Muslim,Shia,Urdu,B.Com,Lal-Lala University,Civil Engineer,Infosys,1200000,Single,"Lucknow, Uttar Pradesh, India",Ivan Sant,Engineer,Dhruv Sant,Teacher,0 sibling(s),"['yoga', 'music']",Looking for a well-educated partner with similar values,https://randomuser.me/api/portraits/men/92.jpg
91,Yakshit Kuruvilla,Female,23,154,63,2002-02-06,Muslim,Shia,Urdu,B.Com,"Wadhwa, Saraf and Amble University",Chartered Accountant,Infosys,1100000,Single,"Lucknow, Uttar Pradesh, India",Shanaya Kuruvilla,Retired,Prerak Kuruvilla,Homemaker,0 sibling(s),"['cooking', 'photography']",Looking for a well-educated partner with similar values,https://randomuser.me/api/portraits/women/99.jpg
92,Hridaan Sharma,Female,28,168,66,1997-01-18,Hindu,Sharma,Hindi,MBBS,"Contractor, Contractor and Srinivas University",Doctor,Microsoft,500000,Single,"Delhi, India",Aarna Sharma,Retired,Siya Sharma,Teacher,1 sibling(s),"['reading', 'sports']",Looking for a well-educated partner with similar values,https://randomuser.me/api/portraits/women/17.jpg
93,Tushar Syrian Catholic,Female,21,160,64,2003-12-24,Christian,Syrian Catholic,Malayalam,B.Tech,"Konda, Kannan and Varty University",Teacher,Wipro,900000,Single,"Kochi, Kerala, India",Kabir Syrian Catholic,Engineer,Anahi Syrian Catholic,Retired,0 sibling(s),"['sports', 'painting']",Looking for a well-educated partner with similar values,https://randomuser.me/api/portraits/women/31.jpg
94,Rania Khatri,Female,34,175,69,1991-09-07,Sikh,Khatri,Punjabi,MCA,"Date, Badal and Agarwal University",Chartered Accountant,Amazon,3000000,Single,"Amritsar, Punjab, India",Trisha Khatri,Engineer,Armaan Khatri,Doctor,1 sibling(s),"['cooking', 'music', 'reading', 'sports']",Looking for a well-educated partner with similar values,https://randomuser.me/api/portraits/women/80.jpg
95,Adah Sharma,Female,21,170,53,2004-01-26,Hindu,Sharma,Hindi,MBA,Chahal and Sons University,Civil Engineer,Infosys,900000,Single,"Delhi, India",Hansh Sharma,Businessman,Lagan Sharma,Retired,0 sibling(s),"['reading', 'cooking', 'music', 'sports']",Looking for a well-educated partner with similar values,https://randomuser.me/api/portraits/women/16.jpg
96,Hiran Mallick,Female,25,167,79,1999-10-22,Buddhist,Navayana,Marathi,B.Com,"Srivastava, Wadhwa and Ahluwalia University",Business Analyst,Capgemini,2600000,Single,"Pune, Maharashtra, India",Kartik Mallick,Businessman,Bhamini Mallick,Homemaker,0 sibling(s),"['painting', 'music']",Looking for a well-educated partner with similar values,https://randomuser.me/api/portraits/women/13.jpg
97,Vardaniya Jat Sikh,Male,28,168,76,1997-08-31,Sikh,Jat Sikh,Punjabi,MCA,"Bhattacharyya, Dalal and Chatterjee University",Teacher,Microsoft,1300000,Single,"Amritsar, Punjab, India",Piya Jat Sikh,Doctor,Vaibhav Jat Sikh,Homemaker,2 sibling(s),"['reading', 'cooking', 'yoga', 'sports']",Looking for a well-educated partner with similar values,https://randomuser.me/api/portraits/men/78.jpg
98,Rania Patel,Female,30,170,79,1994-09-22,Hindu,Patel,Gujarati,LLB,Dasgupta Ltd University,Doctor,Wipro,2900000,Single,"Ahmedabad, Gujarat, India",Nirvi Patel,Engineer,Nitara Patel,Homemaker,1 sibling(s),"['reading', 'traveling', 'yoga', 'photography']",Looking for a well-educated partner with similar values,https://randomuser.me/api/portraits/women/2.jpg
99,Ryan Jat Sikh,Male,29,188,75,1996-07-04,Sikh,Jat Sikh,Punjabi,B.Com,Chad-Sami University,Entrepreneur,Accenture,2400000,Single,"Amritsar, Punjab, India",Himmat Jat Sikh,Businessman,Baiju Jat Sikh,Homemaker,0 sibling(s),"['traveling', 'reading', 'photography']",Looking for a well-educated partner with similar values,https://randomuser.me/api/portraits/men/71.jpg
100,Lagan Iyer,Female,23,170,51,2002-08-14,Hindu,Iyer,Tamil,B.Tech,"Goyal, Chaudhary and Dugar University",Doctor,Microsoft,1900000,Single,"Chennai, Tamil Nadu, India",Taran Iyer,Businessman,Hrishita Iyer,Teacher,2 sibling(s),"['yoga', 'traveling', 'photography']",Looking for a well-educated partner with similar values,https://randomuser.me/api/portraits/women/21.jpg
101,Diya Tandon,Male,21,185,88,2004-02-12,Muslim,Sunni,Urdu,BA,Chaudhary LLC University,Teacher,Accenture,2600000,Single,"Lucknow, Uttar Pradesh, India",Aaryahi Tandon,Engineer,Miraya Tandon,Teacher,2 sibling(s),"['reading', 'traveling']",Looking for a well-educated partner with similar values,https://randomuser.me/api/portraits/men/2.jpg
102,Lakshay Syrian Catholic,Female,22,173,55,2003-06-10,Christian,Syrian Catholic,Malayalam,B.Tech,"Barad, Dyal and Dara University",Civil Engineer,Infosys,2700000,Single,"Kochi, Kerala, India",Kiaan Syrian Catholic,Engineer,Kartik Syrian Catholic,Doctor,0 sibling(s),"['photography', 'cooking', 'painting', 'sports']",Looking for a well-educated partner with similar values,https://randomuser.me/api/portraits/women/4.jpg
103,Adira Shwetambar,Male,34,182,52,1991-01-17,Jain,Shwetambar,Gujarati,MCA,"Mahal, Devi and Chander University",Teacher,Flipkart,2900000,Single,"Ahmedabad, Gujarat, India",Hiran Shwetambar,Retired,Priyansh Shwetambar,Retired,2 sibling(s),"['sports', 'photography', 'yoga', 'reading']",Looking for a well-educated partner with similar values,https://randomuser.me/api/portraits/men/38.jpg
104,Vritika Bhandari,Male,21,171,76,2003-10-17,Muslim,Shia,Urdu,B.Tech,Shetty-Khare University,Business Analyst,Capgemini,2400000,Single,"Lucknow, Uttar Pradesh, India",Farhan Bhandari,Retired,Manjari Bhandari,Homemaker,2 sibling(s),"['reading', 'music', 'traveling']",Looking for a well-educated partner with similar values,https://randomuser.me/api/portraits/men/77.jpg
105,Anika Sankar,Female,30,178,73,1995-01-03,Buddhist,Navayana,Marathi,MCA,Sarkar-Sarkar University,Software Engineer,Accenture,2400000,Single,"Pune, Maharashtra, India",Nishith Sankar,Teacher,Pranay Sankar,Doctor,0 sibling(s),"['painting', 'sports']",Looking for a well-educated partner with similar values,https://randomuser.me/api/portraits/women/94.jpg
106,Anvi Syrian Catholic,Female,35,185,77,1989-09-11,Christian,Syrian Catholic,Malayalam,B.Com,Cheema LLC University,Entrepreneur,Flipkart,1500000,Single,"Kochi, Kerala, India",Dishani Syrian Catholic,Teacher,Ojas Syrian Catholic,Doctor,2 sibling(s),"['reading', 'photography']",Looking for a well-educated partner with similar values,https://randomuser.me/api/portraits/women/90.jpg
107,Faiyaz Protestant,Male,24,179,72,2001-07-11,Christian,Protestant,English,LLB,Suri Inc University,Teacher,Wipro,2700000,Single,"Mumbai, Maharashtra, India",Biju Protestant,Doctor,Vardaniya Protestant,Homemaker,0 sibling(s),"['yoga', 'painting', 'music']",Looking for a well-educated partner with similar values,https://randomuser.me/api/portraits/men/72.jpg
108,Riaan Shwetambar,Female,34,179,89,1990-09-21,Jain,Shwetambar,Gujarati,PhD,Ramanathan and Sons University,Doctor,Google,900000,Single,"Ahmedabad, Gujarat, India",Mamooty Shwetambar,Businessman,Stuvan Shwetambar,Teacher,1 sibling(s),"['traveling', 'sports', 'music', 'painting']",Looking for a well-educated partner with similar values,https://randomuser.me/api/portraits/women/33.jpg
109,Samar Chandran,Male,30,168,61,1994-09-25,Buddhist,Navayana,Marathi,MCA,Rama Group University,Chartered Accountant,Google,1500000,Single,"Pune, Maharashtra, India",Suhana Chandran,Businessman,Ranbir Chandran,Homemaker,2 sibling(s),"['music', 'yoga']",Looking for a well-educated partner with similar values,https://randomuser.me/api/portraits/men/20.jpg
110,Eshani Kalla,Male,35,167,59,1989-12-02,Muslim,Sunni,Urdu,B.Tech,Bali Inc University,Chartered Accountant,Google,2300000,Single,"Lucknow, Uttar Pradesh, India",Ivana Kalla,Doctor,Ishaan Kalla,Retired,0 sibling(s),"['painting', 'traveling', 'reading']",Looking for a well-educated partner with similar values,https://randomuser.me/api/portraits/men/1.jpg
111,Uthkarsh Kala,Male,25,168,85,2000-02-14,Muslim,Shia,Urdu,B.Tech,Lalla and Sons University,Teacher,Capgemini,1200000,Single,"Lucknow, Uttar Pradesh, India",Yuvraj  Kala,Retired,Onkar Kala,Retired,0 sibling(s),"['traveling', 'music', 'cooking']",Looking for a well-educated partner with similar values,https://randomuser.me/api/portraits/men/43.jpg
112,Aaina Khatri,Female,32,179,68,1992-09-09,Sikh,Khatri,Punjabi,PhD,Sangha-Boase University,Doctor,Infosys,2400000,Single,"Amritsar, Punjab, India",Zara Khatri,Teacher,Drishya Khatri,Teacher,1 sibling(s),"['traveling', 'cooking', 'music', 'reading']",Looking for a well-educated partner with similar values,https://randomuser.me/api/portraits/women/87.jpg
113,Purab Digambar,Female,34,179,71,1991-07-29,Jain,Digambar,Marwari,BA,Ghosh-Ganesh University,Business Analyst,Infosys,800000,Single,"Jaipur, Rajasthan, India",Kimaya Digambar,Engineer,Mohanlal Digambar,Retired,0 sibling(s),"['yoga', 'cooking']",Looking for a well-educated partner with similar values,https://randomuser.me/api/portraits/women/18.jpg
114,Tara Babu,Male,29,165,90,1996-09-01,Muslim,Sunni,Urdu,PhD,"Bhasin, Iyengar and Tank University",Software Engineer,Microsoft,1500000,Single,"Lucknow, Uttar Pradesh, India",Ivana Babu,Teacher,Anay Babu,Doctor,1 sibling(s),"['photography', 'cooking']",Looking for a well-educated partner with similar values,https://randomuser.me/api/portraits/men/32.jpg
115,Nayantara Shwetambar,Male,34,190,64,1990-10-01,Jain,Shwetambar,Gujarati,B.Com,Kohli-Acharya University,Teacher,Capgemini,3000000,Single,"Ahmedabad, Gujarat, India",Purab Shwetambar,Retired,Mishti Shwetambar,Doctor,2 sibling(s),"['sports', 'photography']",Looking for a well-educated partner with similar values,https://randomuser.me/api/portraits/men/54.jpg
116,Aarna Korpal,Male,31,185,74,1994-05-12,Muslim,Sunni,Urdu,MCA,Datta Group University,Business Analyst,Reliance,2400000,Single,"Lucknow, Uttar Pradesh, India",Eshani Korpal,Engineer,Ranbir Korpal,Doctor,2 sibling(s),"['cooking', 'traveling', 'photography', 'sports']",Looking for a well-educated partner with similar values,https://randomuser.me/api/portraits/men/56.jpg
117,Shamik Shwetambar,Female,21,176,54,2003-12-23,Jain,Shwetambar,Gujarati,BA,Issac-Ray University,Chartered Accountant,Microsoft,700000,Single,"Ahmedabad, Gujarat, India",Zara Shwetambar,Retired,Tiya Shwetambar,Teacher,1 sibling(s),"['music', 'cooking', 'painting']",Looking for a well-educated partner with similar values,https://randomuser.me/api/portraits/women/4.jpg
118,Manikya Khatri,Female,26,172,69,1998-10-02,Sikh,Khatri,Punjabi,B.Tech,Gera-Gaba University,Teacher,Infosys,1200000,Single,"Amritsar, Punjab, India",Madhup Khatri,Teacher,Ryan Khatri,Homemaker,1 sibling(s),"['sports', 'photography']",Looking for a well-educated partner with similar values,https://randomuser.me/api/portraits/women/70.jpg
119,Vivaan Behl,Male,24,175,76,2000-11-15,Muslim,Sunni,Urdu,PhD,"Dixit, Balay and Sarna University",Chartered Accountant,Wipro,1200000,Single,"Lucknow, Uttar Pradesh, India",Kaira Behl,Teacher,Rohan Behl,Retired,0 sibling(s),"['yoga', 'traveling', 'music', 'cooking']",Looking for a well-educated partner with similar values,https://randomuser.me/api/portraits/men/37.jpg
120,Pihu Shwetambar,Female,27,187,56,1998-04-11,Jain,Shwetambar,Gujarati,B.Tech,Bhasin-Rajagopalan University,Civil Engineer,Flipkart,500000,Single,"Ahmedabad, Gujarat, India",Vihaan Shwetambar,Retired,Shlok Shwetambar,Teacher,2 sibling(s),"['cooking', 'photography', 'reading', 'painting']",Looking for a well-educated partner with similar values,https://randomuser.me/api/portraits/women/40.jpg
121,Kiara Shwetambar,Female,28,158,75,1997-05-13,Jain,Shwetambar,Gujarati,BA,Comar-Anne University,Chartered Accountant,Google,1700000,Single,"Ahmedabad, Gujarat, India",Kiara Shwetambar,Doctor,Indrans Shwetambar,Doctor,2 sibling(s),"['traveling', 'reading', 'sports', 'yoga']",Looking for a well-educated partner with similar values,https://randomuser.me/api/portraits/women/57.jpg
122,Dhruv Tank,Female,30,168,69,1995-02-14,Buddhist,Navayana,Marathi,MBBS,Ghose-Thaker University,Business Analyst,Accenture,2400000,Single,"Pune, Maharashtra, India",Misha Tank,Engineer,Aniruddh Tank,Homemaker,1 sibling(s),"['photography', 'sports']",Looking for a well-educated partner with similar values,https://randomuser.me/api/portraits/women/56.jpg
123,Navya Hora,Male,21,188,74,2004-07-20,Buddhist,Navayana,Marathi,MBBS,"Mangat, Khurana and Mahal University",Software Engineer,Microsoft,800000,Single,"Pune, Maharashtra, India",Anya Hora,Retired,Himmat Hora,Retired,1 sibling(s),"['music', 'yoga', 'painting', 'cooking']",Looking for a well-educated partner with similar values,https://randomuser.me/api/portraits/men/82.jpg
124,Siya Digambar,Female,32,188,67,1993-01-15,Jain,Digambar,Marwari,PhD,Krishnan Ltd University,Business Analyst,Reliance,2900000,Single,"Jaipur, Rajasthan, India",Saksham Digambar,Retired,Sumer Digambar,Teacher,1 sibling(s),"['yoga', 'reading']",Looking for a well-educated partner with similar values,https://randomuser.me/api/portraits/women/95.jpg
125,Ishita Iyer,Male,24,187,80,2001-08-05,Hindu,Iyer,Tamil,B.Tech,"Gola, Chaudhuri and Das University",Doctor,TCS,2600000,Single,"Chennai, Tamil Nadu, India",Lakshit Iyer,Teacher,Anay Iyer,Teacher,2 sibling(s),"['sports', 'reading', 'photography', 'music']",Looking for a well-educated partner with similar values,https://randomuser.me/api/portraits/men/71.jpg
126,Ela Syrian Catholic,Female,31,172,72,1994-04-24,Christian,Syrian Catholic,Malayalam,MCA,Das LLC University,Civil Engineer,Amazon,800000,Single,"Kochi, Kerala, India",Ela Syrian Catholic,Businessman,Devansh Syrian Catholic,Retired,2 sibling(s),"['traveling', 'sports']",Looking for a well-educated partner with similar values,https://randomuser.me/api/portraits/women/2.jpg
127,Shlok Patel,Male,26,176,88,1998-12-15,Hindu,Patel,Gujarati,LLB,Seshadri Group University,Civil Engineer,Amazon,800000,Single,"Ahmedabad, Gujarat, India",Lagan Patel,Teacher,Kanav Patel,Retired,2 sibling(s),"['photography', 'painting']",Looking for a well-educated partner with similar values,https://randomuser.me/api/portraits/men/59.jpg
128,Neelofar Kuruvilla,Female,33,160,58,1991-12-29,Buddhist,Navayana,Marathi,PhD,"Dugar, Shetty and Golla University",Software Engineer,Capgemini,2300000,Single,"Pune, Maharashtra, India",Jivika Kuruvilla,Businessman,Prisha Kuruvilla,Retired,0 sibling(s),"['traveling', 'sports', 'cooking']",Looking for a well-educated partner with similar values,https://randomuser.me/api/portraits/women/46.jpg
129,Tarini Krishnan,Male,26,180,89,1999-06-16,Buddhist,Navayana,Marathi,LLB,Sengupta Ltd University,Entrepreneur,Amazon,2100000,Single,"Pune, Maharashtra, India",Vaibhav Krishnan,Engineer,Miraan Krishnan,Doctor,2 sibling(s),"['painting', 'traveling']",Looking for a well-educated partner with similar values,https://randomuser.me/api/portraits/men/80.jpg
130,Yuvraj  Reddy,Female,26,151,61,1999-06-15,Hindu,Reddy,Telugu,MBBS,"Borde, Gola and Manda University",Business Analyst,Flipkart,2500000,Single,"Hyderabad, Telangana, India",Prisha Reddy,Doctor,Rasha Reddy,Homemaker,1 sibling(s),"['photography', 'yoga']",Looking for a well-educated partner with similar values,https://randomuser.me/api/portraits/women/78.jpg
131,Miraya Iyer,Female,33,177,67,1992-03-05,Hindu,Iyer,Tamil,LLB,"Vasa, Shah and Divan University",Business Analyst,Google,2000000,Single,"Chennai, Tamil Nadu, India",Jayesh Iyer,Engineer,Mahika Iyer,Retired,1 sibling(s),"['yoga', 'music', 'cooking', 'painting']",Looking for a well-educated partner with similar values,https://randomuser.me/api/portraits/women/76.jpg
132,Jivika Sharma,Male,26,153,82,1998-09-11,Hindu,Sharma,Hindi,MBA,"Gara, Sampath and Khanna University",Doctor,Google,1500000,Single,"Delhi, India",Tarini Sharma,Doctor,Sahil Sharma,Teacher,0 sibling(s),"['sports', 'reading']",Looking for a well-educated partner with similar values,https://randomuser.me/api/portraits/men/62.jpg
133,Himmat Sharma,Female,33,151,52,1992-07-06,Hindu,Sharma,Hindi,B.Tech,Bhakta LLC University,Chartered Accountant,Infosys,800000,Single,"Delhi, India",Aarna Sharma,Doctor,Biju Sharma,Retired,2 sibling(s),"['sports', 'cooking', 'traveling', 'yoga']",Looking for a well-educated partner with similar values,https://randomuser.me/api/portraits/women/82.jpg
134,Indranil Upadhyay,Female,34,177,63,1991-02-25,Buddhist,Navayana,Marathi,PhD,Setty-Warrior University,Civil Engineer,Flipkart,2900000,Single,"Pune, Maharashtra, India",Alia Upadhyay,Teacher,Nirvaan Upadhyay,Homemaker,0 sibling(s),"['reading', 'yoga', 'painting']",Looking for a well-educated partner with similar values,https://randomuser.me/api/portraits/women/90.jpg
135,Kismat Iyer,Female,23,190,68,2002-07-05,Hindu,Iyer,Tamil,MCA,"Badal, Behl and Chaudhari University",Teacher,Accenture,900000,Single,"Chennai, Tamil Nadu, India",Arnav Iyer,Teacher,Adira Iyer,Retired,0 sibling(s),"['painting', 'reading', 'music', 'yoga']",Looking for a well-educated partner with similar values,https://randomuser.me/api/portraits/women/66.jpg
136,Hridaan Jat Sikh,Male,31,151,68,1994-07-28,Sikh,Jat Sikh,Punjabi,B.Com,Cheema Group University,Civil Engineer,Accenture,1700000,Single,"Amritsar, Punjab, India",Suhana Jat Sikh,Businessman,Vardaniya Jat Sikh,Homemaker,2 sibling(s),"['cooking', 'yoga']",Looking for a well-educated partner with similar values,https://randomuser.me/api/portraits/men/81.jpg
137,Kartik Kapur,Male,31,182,53,1994-07-09,Muslim,Sunni,Urdu,B.Tech,"Viswanathan, Varma and Lala University",Software Engineer,Flipkart,500000,Single,"Lucknow, Uttar Pradesh, India",Shayak Kapur,Retired,Ritvik Kapur,Homemaker,1 sibling(s),"['reading', 'traveling', 'yoga', 'sports']",Looking for a well-educated partner with similar values,https://randomuser.me/api/portraits/men/16.jpg
138,Priyansh Khatri,Male,35,189,54,1989-12-26,Sikh,Khatri,Punjabi,MBBS,Varkey-Goyal University,Teacher,Flipkart,1700000,Single,"Amritsar, Punjab, India",Kanav Khatri,Doctor,Vardaniya Khatri,Homemaker,0 sibling(s),"['painting', 'photography', 'yoga', 'traveling']",Looking for a well-educated partner with similar values,https://randomuser.me/api/portraits/men/87.jpg
139,Tejas Iyer,Male,24,180,86,2001-02-01,Hindu,Iyer,Tamil,MBA,Kaur LLC University,Teacher,TCS,2900000,Single,"Chennai, Tamil Nadu, India",Gatik Iyer,Teacher,Sumer Iyer,Retired,0 sibling(s),"['sports', 'yoga']",Looking for a well-educated partner with similar values,https://randomuser.me/api/portraits/men/64.jpg
140,Tarini Protestant,Female,23,168,51,2002-04-16,Christian,Protestant,English,PhD,"Saxena, Walla and Tiwari University",Chartered Accountant,Flipkart,1900000,Single,"Mumbai, Maharashtra, India",Shlok Protestant,Businessman,Indrajit Protestant,Retired,1 sibling(s),"['sports', 'painting', 'traveling']",Looking for a well-educated partner with similar values,https://randomuser.me/api/portraits/women/77.jpg
141,Ishita Warrior,Female,27,179,80,1998-05-04,Muslim,Shia,Urdu,B.Com,"Deep, Sachdev and Vasa University",Civil Engineer,Wipro,2000000,Single,"Lucknow, Uttar Pradesh, India",Parinaaz Warrior,Retired,Himmat Warrior,Doctor,2 sibling(s),"['reading', 'cooking', 'photography', 'traveling']",Looking for a well-educated partner with similar values,https://randomuser.me/api/portraits/women/55.jpg
142,Kismat Sharma,Female,35,166,67,1990-04-24,Hindu,Sharma,Hindi,MBA,"Swamy, Chopra and Chauhan University",Software Engineer,Flipkart,1700000,Single,"Delhi, India",Siya Sharma,Doctor,Dhruv Sharma,Homemaker,1 sibling(s),"['cooking', 'yoga', 'music', 'painting']",Looking for a well-educated partner with similar values,https://randomuser.me/api/portraits/women/84.jpg
143,Chirag Protestant,Female,33,166,81,1991-12-06,Christian,Protestant,English,PhD,Chad-Bhalla University,Teacher,Capgemini,2800000,Single,"Mumbai, Maharashtra, India",Riaan Protestant,Businessman,Shaan Protestant,Retired,0 sibling(s),"['painting', 'traveling', 'reading', 'photography']",Looking for a well-educated partner with similar values,https://randomuser.me/api/portraits/women/98.jpg
144,Dishani Yadav,Male,28,161,75,1997-06-11,Muslim,Sunni,Urdu,B.Com,"Rege, Goda and Chand University",Software Engineer,Capgemini,2900000,Single,"Lucknow, Uttar Pradesh, India",Emir Yadav,Engineer,Badal Yadav,Doctor,1 sibling(s),"['traveling', 'cooking', 'sports', 'photography']",Looking for a well-educated partner with similar values,https://randomuser.me/api/portraits/men/95.jpg
145,Nitara Cheema,Male,34,175,58,1991-02-06,Buddhist,Navayana,Marathi,PhD,"Rajan, Zacharia and Chawla University",Civil Engineer,TCS,2200000,Single,"Pune, Maharashtra, India",Romil Cheema,Teacher,Stuvan Cheema,Homemaker,1 sibling(s),"['sports', 'photography', 'traveling']",Looking for a well-educated partner with similar values,https://randomuser.me/api/portraits/men/76.jpg
146,Yuvraj  Protestant,Female,32,190,82,1993-04-09,Christian,Protestant,English,B.Com,Shroff-Swamy University,Software Engineer,Google,1500000,Single,"Mumbai, Maharashtra, India",Anahita Protestant,Retired,Romil Protestant,Doctor,2 sibling(s),"['cooking', 'photography', 'music', 'reading']",Looking for a well-educated partner with similar values,https://randomuser.me/api/portraits/women/12.jpg
147,Jivin Kaul,Female,32,173,75,1993-05-30,Buddhist,Navayana,Marathi,LLB,Lata Ltd University,Civil Engineer,TCS,700000,Single,"Pune, Maharashtra, India",Rohan Kaul,Retired,Ryan Kaul,Doctor,0 sibling(s),"['music', 'reading']",Looking for a well-educated partner with similar values,https://randomuser.me/api/portraits/women/90.jpg
148,Sahil Jayaraman,Female,24,150,75,2001-08-19,Buddhist,Navayana,Marathi,B.Com,Wason LLC University,Civil Engineer,Wipro,3000000,Single,"Pune, Maharashtra, India",Vritika Jayaraman,Businessman,Ira Jayaraman,Teacher,1 sibling(s),"['sports', 'reading']",Looking for a well-educated partner with similar values,https://randomuser.me/api/portraits/women/35.jpg
149,Amira Syrian Catholic,Female,29,170,67,1995-11-20,Christian,Syrian Catholic,Malayalam,MBA,Varty-Kaur University,Entrepreneur,Flipkart,1800000,Single,"Kochi, Kerala, India",Zain Syrian Catholic,Businessman,Arhaan Syrian Catholic,Doctor,1 sibling(s),"['photography', 'cooking', 'sports', 'traveling']",Looking for a well-educated partner with similar values,https://randomuser.me/api/portraits/women/99.jpg
150,Kabir Keer,Female,33,180,65,1991-10-18,Muslim,Sunni,Urdu,MBA,Doctor-Gokhale University,Doctor,TCS,2400000,Single,"Lucknow, Uttar Pradesh, India",Zain Keer,Engineer,Akarsh Keer,Retired,2 sibling(s),"['music', 'yoga', 'photography', 'sports']",Looking for a well-educated partner with similar values,https://randomuser.me/api/portraits/women/30.jpg
151,Anay Digambar,Female,31,164,70,1993-12-01,Jain,Digambar,Marwari,BA,Chakrabarti Inc University,Civil Engineer,Google,700000,Single,"Jaipur, Rajasthan, India",Vihaan Digambar,Engineer,Nitara Digambar,Retired,0 sibling(s),"['photography', 'reading']",Looking for a well-educated partner with similar values,https://randomuser.me/api/portraits/women/34.jpg
152,Yakshit Digambar,Male,31,162,53,1993-11-06,Jain,Digambar,Marwari,LLB,"Vala, DAlia and Magar University",Teacher,Capgemini,800000,Single,"Jaipur, Rajasthan, India",Dharmajan Digambar,Doctor,Ira Digambar,Doctor,0 sibling(s),"['reading', 'painting', 'cooking']",Looking for a well-educated partner with similar values,https://randomuser.me/api/portraits/men/76.jpg
153,Mamooty Syrian Catholic,Male,25,188,90,1999-09-10,Christian,Syrian Catholic,Malayalam,PhD,"Buch, Andra and Konda University",Software Engineer,Reliance,2800000,Single,"Kochi, Kerala, India",Siya Syrian Catholic,Retired,Arnav Syrian Catholic,Teacher,0 sibling(s),"['photography', 'sports', 'yoga']",Looking for a well-educated partner with similar values,https://randomuser.me/api/portraits/men/20.jpg
154,Jivin Jat Sikh,Female,35,171,62,1990-02-06,Sikh,Jat Sikh,Punjabi,MBA,Magar and Sons University,Teacher,Wipro,500000,Single,"Amritsar, Punjab, India",Adah Jat Sikh,Engineer,Vedika Jat Sikh,Homemaker,1 sibling(s),"['sports', 'painting', 'reading']",Looking for a well-educated partner with similar values,https://randomuser.me/api/portraits/women/81.jpg
155,Eshani Hegde,Male,28,162,64,1997-03-02,Muslim,Shia,Urdu,PhD,Balay-Issac University,Software Engineer,TCS,1500000,Single,"Lucknow, Uttar Pradesh, India",Aradhya Hegde,Doctor,Khushi Hegde,Doctor,2 sibling(s),"['traveling', 'painting']",Looking for a well-educated partner with similar values,https://randomuser.me/api/portraits/men/40.jpg
156,Vidur Chakrabarti,Male,29,186,73,1995-11-02,Buddhist,Navayana,Marathi,BA,Sachar PLC University,Business Analyst,Amazon,600000,Single,"Pune, Maharashtra, India",Kaira Chakrabarti,Retired,Ira Chakrabarti,Doctor,1 sibling(s),"['sports', 'yoga']",Looking for a well-educated partner with similar values,https://randomuser.me/api/portraits/men/90.jpg
157,Devansh Balasubramanian,Female,28,165,80,1997-01-04,Muslim,Shia,Urdu,PhD,"Ghosh, Bail and Grewal University",Chartered Accountant,Flipkart,2900000,Single,"Lucknow, Uttar Pradesh, India",Sahil Balasubramanian,Teacher,Gokul Balasubramanian,Homemaker,0 sibling(s),"['photography', 'painting']",Looking for a well-educated partner with similar values,https://randomuser.me/api/portraits/women/69.jpg
158,Pranay Krishna,Male,22,186,62,2002-10-12,Muslim,Sunni,Urdu,MBBS,"Dube, Mander and Bera University",Doctor,TCS,2700000,Single,"Lucknow, Uttar Pradesh, India",Zain Krishna,Engineer,Divij Krishna,Teacher,2 sibling(s),"['cooking', 'reading', 'sports', 'photography']",Looking for a well-educated partner with similar values,https://randomuser.me/api/portraits/men/89.jpg
159,Alisha Khatri,Female,25,188,54,2000-03-30,Sikh,Khatri,Punjabi,B.Tech,"Swamy, Kant and Jha University",Teacher,TCS,2800000,Single,"Amritsar, Punjab, India",Aaina Khatri,Teacher,Anvi Khatri,Retired,0 sibling(s),"['yoga', 'painting', 'traveling', 'sports']",Looking for a well-educated partner with similar values,https://randomuser.me/api/portraits/women/20.jpg
160,Tanya Ram,Female,35,183,88,1989-10-16,Buddhist,Navayana,Marathi,MBA,"Tak, Devi and Deep University",Business Analyst,Accenture,2900000,Single,"Pune, Maharashtra, India",Rasha Ram,Engineer,Badal Ram,Homemaker,2 sibling(s),"['reading', 'yoga', 'traveling', 'cooking']",Looking for a well-educated partner with similar values,https://randomuser.me/api/portraits/women/28.jpg
161,Oorja Ramaswamy,Male,26,189,85,1998-11-29,Muslim,Sunni,Urdu,BA,Randhawa-Shere University,Civil Engineer,Wipro,2700000,Single,"Lucknow, Uttar Pradesh, India",Aarush Ramaswamy,Businessman,Miraan Ramaswamy,Doctor,1 sibling(s),"['photography', 'music']",Looking for a well-educated partner with similar values,https://randomuser.me/api/portraits/men/77.jpg
162,Pranay Reddy,Female,22,181,64,2003-05-05,Hindu,Reddy,Telugu,MCA,Sandal-Chaudhuri University,Software Engineer,Flipkart,900000,Single,"Hyderabad, Telangana, India",Trisha Reddy,Retired,Samiha Reddy,Homemaker,2 sibling(s),"['photography', 'yoga', 'traveling']",Looking for a well-educated partner with similar values,https://randomuser.me/api/portraits/women/57.jpg
163,Zaina Protestant,Male,21,178,63,2004-08-19,Christian,Protestant,English,MBA,Saran Ltd University,Doctor,Microsoft,1100000,Single,"Mumbai, Maharashtra, India",Farhan Protestant,Businessman,Myra Protestant,Teacher,0 sibling(s),"['traveling', 'photography']",Looking for a well-educated partner with similar values,https://randomuser.me/api/portraits/men/81.jpg
164,Tara Syrian Catholic,Male,32,178,50,1992-10-18,Christian,Syrian Catholic,Malayalam,LLB,Kaul-Kar University,Civil Engineer,Infosys,900000,Single,"Kochi, Kerala, India",Divij Syrian Catholic,Retired,Lavanya Syrian Catholic,Retired,2 sibling(s),"['sports', 'traveling', 'photography', 'yoga']",Looking for a well-educated partner with similar values,https://randomuser.me/api/portraits/men/75.jpg
165,Miraan Chahal,Female,34,166,71,1991-03-16,Muslim,Shia,Urdu,BA,Anne Inc University,Civil Engineer,Infosys,2200000,Single,"Lucknow, Uttar Pradesh, India",Jayant Chahal,Engineer,Pranay Chahal,Retired,2 sibling(s),"['traveling', 'photography', 'reading', 'cooking']",Looking for a well-educated partner with similar values,https://randomuser.me/api/portraits/women/43.jpg
166,Chirag Singh,Male,26,185,76,1998-12-02,Muslim,Shia,Urdu,LLB,"Divan, Kibe and Dash University",Business Analyst,Amazon,1000000,Single,"Lucknow, Uttar Pradesh, India",Piya Singh,Teacher,Kiara Singh,Homemaker,0 sibling(s),"['reading', 'music', 'cooking']",Looking for a well-educated partner with similar values,https://randomuser.me/api/portraits/men/85.jpg
167,Abram Shukla,Male,21,182,53,2004-08-15,Muslim,Shia,Urdu,BA,Ratta-Magar University,Software Engineer,Amazon,1400000,Single,"Lucknow, Uttar Pradesh, India",Dhanuk Shukla,Businessman,Akarsh Shukla,Teacher,1 sibling(s),"['photography', 'music']",Looking for a well-educated partner with similar values,https://randomuser.me/api/portraits/men/61.jpg
168,Divit Kant,Female,32,165,73,1993-07-13,Buddhist,Navayana,Marathi,B.Com,"Savant, Arora and Dani University",Chartered Accountant,Capgemini,2200000,Single,"Pune, Maharashtra, India",Riaan Kant,Businessman,Manjari Kant,Retired,0 sibling(s),"['traveling', 'photography', 'cooking', 'music']",Looking for a well-educated partner with similar values,https://randomuser.me/api/portraits/women/78.jpg
169,Nishith Syrian Catholic,Female,35,182,50,1989-11-26,Christian,Syrian Catholic,Malayalam,BA,Hayer LLC University,Civil Engineer,Wipro,2700000,Single,"Kochi, Kerala, India",Jayesh Syrian Catholic,Engineer,Jayan Syrian Catholic,Teacher,0 sibling(s),"['reading', 'sports']",Looking for a well-educated partner with similar values,https://randomuser.me/api/portraits/women/15.jpg
170,Krish Khatri,Female,22,163,62,2003-06-13,Sikh,Khatri,Punjabi,LLB,Bal-Vasa University,Entrepreneur,Accenture,500000,Single,"Amritsar, Punjab, India",Abram Khatri,Businessman,Fateh Khatri,Retired,0 sibling(s),"['reading', 'painting']",Looking for a well-educated partner with similar values,https://randomuser.me/api/portraits/women/92.jpg
171,Elakshi Shwetambar,Male,35,177,51,1990-06-25,Jain,Shwetambar,Gujarati,MCA,Varma-Chaudhary University,Teacher,Amazon,800000,Single,"Ahmedabad, Gujarat, India",Nakul Shwetambar,Teacher,Sara Shwetambar,Homemaker,0 sibling(s),"['cooking', 'sports', 'reading']",Looking for a well-educated partner with similar values,https://randomuser.me/api/portraits/men/26.jpg
172,Vidur Mannan,Male,29,181,61,1996-04-24,Muslim,Sunni,Urdu,B.Tech,Maharaj and Sons University,Entrepreneur,Capgemini,3000000,Single,"Lucknow, Uttar Pradesh, India",Hrishita Mannan,Retired,Nirvi Mannan,Retired,0 sibling(s),"['photography', 'cooking', 'painting', 'yoga']",Looking for a well-educated partner with similar values,https://randomuser.me/api/portraits/men/92.jpg
173,Madhup Syrian Catholic,Male,28,174,59,1996-12-28,Christian,Syrian Catholic,Malayalam,BA,Sama-Bhargava University,Doctor,Google,700000,Single,"Kochi, Kerala, India",Mahika Syrian Catholic,Businessman,Bhavin Syrian Catholic,Retired,2 sibling(s),"['music', 'yoga', 'reading', 'traveling']",Looking for a well-educated partner with similar values,https://randomuser.me/api/portraits/men/3.jpg
174,Tara Khatri,Male,29,168,62,1996-02-09,Sikh,Khatri,Punjabi,PhD,Rajan Inc University,Teacher,Flipkart,500000,Single,"Amritsar, Punjab, India",Onkar Khatri,Retired,Baiju Khatri,Retired,1 sibling(s),"['photography', 'music']",Looking for a well-educated partner with similar values,https://randomuser.me/api/portraits/men/8.jpg
175,Baiju Jat Sikh,Male,30,157,89,1995-06-06,Sikh,Jat Sikh,Punjabi,LLB,Cheema-Ganesh University,Software Engineer,Flipkart,2100000,Single,"Amritsar, Punjab, India",Nishith Jat Sikh,Teacher,Taimur Jat Sikh,Retired,2 sibling(s),"['traveling', 'music', 'painting', 'yoga']",Looking for a well-educated partner with similar values,https://randomuser.me/api/portraits/men/87.jpg
176,Anahita Khatri,Male,22,173,52,2003-03-16,Sikh,Khatri,Punjabi,BA,"Baral, Bala and Khalsa University",Software Engineer,Microsoft,900000,Single,"Amritsar, Punjab, India",Mehul Khatri,Teacher,Umang Khatri,Doctor,1 sibling(s),"['reading', 'photography', 'cooking', 'painting']",Looking for a well-educated partner with similar values,https://randomuser.me/api/portraits/men/60.jpg
177,Prerak Syrian Catholic,Male,34,166,86,1991-04-08,Christian,Syrian Catholic,Malayalam,B.Tech,Savant-Varkey University,Doctor,Flipkart,700000,Single,"Kochi, Kerala, India",Prerak Syrian Catholic,Engineer,Faiyaz Syrian Catholic,Retired,1 sibling(s),"['sports', 'music']",Looking for a well-educated partner with similar values,https://randomuser.me/api/portraits/men/8.jpg
178,Hansh Lad,Male,28,174,71,1997-07-29,Muslim,Sunni,Urdu,PhD,"Anand, Tandon and Anne University",Software Engineer,Google,1900000,Single,"Lucknow, Uttar Pradesh, India",Trisha Lad,Doctor,Onkar Lad,Retired,0 sibling(s),"['sports', 'painting']",Looking for a well-educated partner with similar values,https://randomuser.me/api/portraits/men/94.jpg
179,Dishani Jat Sikh,Male,29,183,83,1996-03-01,Sikh,Jat Sikh,Punjabi,MCA,"Sibal, Batta and Contractor University",Doctor,Wipro,700000,Single,"Amritsar, Punjab, India",Lagan Jat Sikh,Engineer,Manikya Jat Sikh,Teacher,2 sibling(s),"['photography', 'yoga']",Looking for a well-educated partner with similar values,https://randomuser.me/api/portraits/men/43.jpg
180,Indrans Syrian Catholic,Male,32,159,70,1992-09-21,Christian,Syrian Catholic,Malayalam,B.Com,Babu-Dada University,Chartered Accountant,Wipro,1600000,Single,"Kochi, Kerala, India",Siya Syrian Catholic,Doctor,Hunar Syrian Catholic,Doctor,2 sibling(s),"['sports', 'photography', 'yoga', 'reading']",Looking for a well-educated partner with similar values,https://randomuser.me/api/portraits/men/30.jpg
181,Divyansh Shwetambar,Male,34,190,51,1991-04-29,Jain,Shwetambar,Gujarati,MBA,Saraf-Tak University,Doctor,Wipro,400000,Single,"Ahmedabad, Gujarat, India",Bhavin Shwetambar,Businessman,Jayesh Shwetambar,Homemaker,1 sibling(s),"['photography', 'cooking', 'music', 'sports']",Looking for a well-educated partner with similar values,https://randomuser.me/api/portraits/men/11.jpg
182,Oorja Lad,Male,28,178,70,1996-10-04,Muslim,Shia,Urdu,B.Tech,Chawla-Kale University,Entrepreneur,Microsoft,2600000,Single,"Lucknow, Uttar Pradesh, India",Renee Lad,Doctor,Anika Lad,Doctor,0 sibling(s),"['traveling', 'cooking', 'painting', 'sports']",Looking for a well-educated partner with similar values,https://randomuser.me/api/portraits/men/22.jpg
183,Indrans Varughese,Male,33,174,81,1992-05-11,Muslim,Sunni,Urdu,MBBS,Kamdar-Anne University,Software Engineer,Accenture,700000,Single,"Lucknow, Uttar Pradesh, India",Farhan Varughese,Doctor,Dharmajan Varughese,Teacher,2 sibling(s),"['cooking', 'yoga', 'traveling']",Looking for a well-educated partner with similar values,https://randomuser.me/api/portraits/men/86.jpg
184,Indranil Lall,Male,24,187,72,2001-06-19,Muslim,Shia,Urdu,MCA,Kamdar Inc University,Chartered Accountant,Flipkart,2700000,Single,"Lucknow, Uttar Pradesh, India",Neelofar Lall,Retired,Arnav Lall,Homemaker,0 sibling(s),"['traveling', 'reading', 'sports']",Looking for a well-educated partner with similar values,https://randomuser.me/api/portraits/men/19.jpg
185,Stuvan Khatri,Male,21,165,59,2003-09-10,Sikh,Khatri,Punjabi,B.Com,"Balay, Sarraf and Deol University",Entrepreneur,Capgemini,800000,Single,"Amritsar, Punjab, India",Shaan Khatri,Retired,Nirvaan Khatri,Retired,2 sibling(s),"['music', 'cooking', 'reading', 'painting']",Looking for a well-educated partner with similar values,https://randomuser.me/api/portraits/men/24.jpg
186,Umang Digambar,Male,34,157,58,1991-02-04,Jain,Digambar,Marwari,LLB,Sen-Konda University,Doctor,Accenture,800000,Single,"Jaipur, Rajasthan, India",Seher Digambar,Retired,Aarna Digambar,Doctor,0 sibling(s),"['reading', 'sports', 'music']",Looking for a well-educated partner with similar values,https://randomuser.me/api/portraits/men/24.jpg
187,Mannat Protestant,Male,26,186,78,1999-07-11,Christian,Protestant,English,B.Com,Mand LLC University,Software Engineer,Capgemini,2100000,Single,"Mumbai, Maharashtra, India",Hansh Protestant,Businessman,Lavanya Protestant,Teacher,2 sibling(s),"['yoga', 'cooking']",Looking for a well-educated partner with similar values,https://randomuser.me/api/portraits/men/43.jpg
188,Yakshit Bal,Male,23,171,76,2002-08-11,Buddhist,Navayana,Marathi,B.Tech,Handa Ltd University,Civil Engineer,Infosys,2800000,Single,"Pune, Maharashtra, India",Navya Bal,Retired,Hazel Bal,Retired,0 sibling(s),"['music', 'reading', 'yoga', 'cooking']",Looking for a well-educated partner with similar values,https://randomuser.me/api/portraits/men/55.jpg
189,Ivan Protestant,Male,27,175,58,1998-05-07,Christian,Protestant,English,BA,"Goyal, Ratti and Dutta University",Entrepreneur,Amazon,2300000,Single,"Mumbai, Maharashtra, India",Trisha Protestant,Doctor,Myra Protestant,Homemaker,1 sibling(s),"['cooking', 'music', 'photography']",Looking for a well-educated partner with similar values,https://randomuser.me/api/portraits/men/52.jpg
190,Ehsaan Brahmin,Male,28,187,84,1997-08-23,Hindu,Brahmin,Kannada,MBBS,Chakrabarti LLC University,Doctor,Google,1700000,Single,"Bangalore, Karnataka, India",Raunak Brahmin,Retired,Indranil Brahmin,Teacher,0 sibling(s),"['reading', 'music', 'cooking']",Looking for a well-educated partner with similar values,https://randomuser.me/api/portraits/men/98.jpg
191,Vanya Roy,Male,28,179,54,1996-09-30,Muslim,Sunni,Urdu,B.Com,"Sachdev, Sen and Bhatt University",Doctor,Flipkart,1900000,Single,"Lucknow, Uttar Pradesh, India",Yuvraj  Roy,Businessman,Manikya Roy,Doctor,0 sibling(s),"['music', 'painting', 'traveling', 'sports']",Looking for a well-educated partner with similar values,https://randomuser.me/api/portraits/men/45.jpg
192,Raghav Walia,Male,25,182,73,1999-12-06,Buddhist,Navayana,Marathi,MCA,Luthra LLC University,Business Analyst,Reliance,1600000,Single,"Pune, Maharashtra, India",Arhaan Walia,Engineer,Ira Walia,Retired,0 sibling(s),"['yoga', 'sports', 'reading', 'photography']",Looking for a well-educated partner with similar values,https://randomuser.me/api/portraits/men/43.jpg
193,Romil Garde,Male,34,186,63,1991-02-23,Muslim,Sunni,Urdu,MBA,Sarraf and Sons University,Software Engineer,TCS,2800000,Single,"Lucknow, Uttar Pradesh, India",Navya Garde,Engineer,Dhanush Garde,Doctor,1 sibling(s),"['painting', 'traveling', 'photography', 'cooking']",Looking for a well-educated partner with similar values,https://randomuser.me/api/portraits/men/10.jpg
194,Kanav Agarwal,Male,25,163,76,2000-04-03,Muslim,Shia,Urdu,BA,Tata-Bhatti University,Business Analyst,Amazon,1200000,Single,"Lucknow, Uttar Pradesh, India",Mehul Agarwal,Doctor,Neelofar Agarwal,Homemaker,2 sibling(s),"['music', 'traveling', 'painting', 'sports']",Looking for a well-educated partner with similar values,https://randomuser.me/api/portraits/men/15.jpg
195,Aaryahi Ramanathan,Male,28,177,73,1997-06-17,Muslim,Sunni,Urdu,B.Tech,Sule Group University,Civil Engineer,Capgemini,2300000,Single,"Lucknow, Uttar Pradesh, India",Urvi Ramanathan,Engineer,Riaan Ramanathan,Doctor,2 sibling(s),"['cooking', 'yoga', 'sports', 'painting']",Looking for a well-educated partner with similar values,https://randomuser.me/api/portraits/men/52.jpg
196,Stuvan Protestant,Male,27,163,76,1998-09-04,Christian,Protestant,English,MCA,Karpe-Sha University,Doctor,Accenture,2300000,Single,"Mumbai, Maharashtra, India",Jivin Protestant,Teacher,Parinaaz Protestant,Doctor,1 sibling(s),"['reading', 'cooking', 'photography']",Looking for a well-educated partner with similar values,https://randomuser.me/api/portraits/men/46.jpg
197,Seher Syrian Catholic,Male,28,165,60,1996-11-03,Christian,Syrian Catholic,Malayalam,B.Tech,Agrawal Group University,Business Analyst,TCS,2100000,Single,"Kochi, Kerala, India",Jivin Syrian Catholic,Retired,Adah Syrian Catholic,Homemaker,2 sibling(s),"['music', 'sports']",Looking for a well-educated partner with similar values,https://randomuser.me/api/portraits/men/64.jpg
198,Seher Shwetambar,Male,31,180,75,1994-03-01,Jain,Shwetambar,Gujarati,LLB,Chauhan-Dubey University,Entrepreneur,Google,2000000,Single,"Ahmedabad, Gujarat, India",Inaaya  Shwetambar,Doctor,Kanav Shwetambar,Retired,1 sibling(s),"['yoga', 'traveling']",Looking for a well-educated partner with similar values,https://randomuser.me/api/portraits/men/46.jpg
199,Yashvi Dani,Male,33,155,77,1991-12-21,Buddhist,Navayana,Marathi,MCA,Bail-Banik University,Business Analyst,Amazon,2500000,Single,"Pune, Maharashtra, India",Ritvik Dani,Engineer,Tiya Dani,Homemaker,2 sibling(s),"['photography', 'traveling', 'painting', 'reading']",Looking for a well-educated partner with similar values,https://randomuser.me/api/portraits/men/75.jpg
200,Rohan Digambar,Male,24,184,58,2001-02-23,Jain,Digambar,Marwari,B.Tech,"Baral, Vohra and Sura University",Doctor,Microsoft,1100000,Single,"Jaipur, Rajasthan, India",Sana Digambar,Engineer,Diya Digambar,Homemaker,2 sibling(s),"['cooking', 'music', 'photography', 'traveling']",Looking for a well-educated partner with similar values,https://randomuser.me/api/portraits/men/85.jpg
